Name,CustomerEmail,Phone,Address
RAWOPNNLVU,rawopnnlvu@example.com,(208) 143-4180,"5336 Elm St, Chicago, IL 80372-7088"
QOFBRDLMXD,qofbrdlmxd@example.com,(597) 587-6792,"7459 Main St, Chicago, CA 50611-2624"
YSVVOXMYOH,ysvvoxmyoh@example.com,(318) 536-6085,"7223 Oak Ave, Los Angeles, NY 88309-6723"
HKXMSKFASS,hkxmskfass@example.com,(271) 389-6706,"4432 Oak Ave, New York, IL 18971-1210"
RTIDSLIINJ,rtidsliinj@example.com,(678) 204-4395,"9782 Elm St, Chicago, IL 68501-4650"
DLYQWEYYKE,dlyqweyyke@example.com,(644) 404-2209,"2879 Elm St, Los Angeles, IL 13992-8184"
KLUALFZEHR,klualfzehr@example.com,(868) 469-6159,"9481 Main St, Chicago, IL 60259-2261"
XOOCRQMTAX,xoocrqmtax@example.com,,"5567 Oak Ave, Los Angeles, IL 56052-4587"
VRCXWYKWBN,vrcxwykwbn@example.com,(791) 805-7284,"5912 Elm St, Chicago, NY 83998-9841"
RTWOBQNFMG,rtwobqnfmg@example.com,(135) 642-4812,"3128 Main St, New York, NY 65569-8702"
WRWZCVDEFD,wrwzcvdefd@example.com,(185) 272-6250,
VLNUASGSCP,vlnuasgscp@example.com,(146) 426-2498,"6948 Main St, Los Angeles, IL 35004-4522"
RKXJJJAMIU,rkxjjjamiu@example.com,(938) 482-5870,"2970 Oak Ave, Chicago, NY 16207-2467"
IGROWKCAZI,igrowkcazi@example.com,(825) 741-8502,"2398 Main St, Chicago, CA 52848-9083"
KPNQRIUMLK,kpnqriumlk@example.com,(934) 307-8500,"5688 Elm St, Chicago, CA 54195-8975"
OIJSDNAVNY,oijsdnavny@example.com,(332) 567-7539,"440 Elm St, New York, CA 20651-9595"
OHVGORGCFJ,ohvgorgcfj@example.com,(266) 219-3722,"7488 Main St, Chicago, CA 86068-9199"
SAKYRGXHRO,sakyrgxhro@example.com,(136) 738-4410,"8985 Oak Ave, New York, IL 31862-8705"
WLLGQKZJAU,wllgqkzjau@example.com,(890) 880-9303,"9732 Elm St, New York, NY 64045-7311"
SDTUWACSVC,sdtuwacsvc@example.com,(106) 309-7626,"8716 Main St, Los Angeles, IL 47564-6899"
WJMYXMAWBW,wjmyxmawbw@example.com,(150) 290-4866,"7103 Oak Ave, New York, CA 31363-9793"
VXZRMXFZIJ,vxzrmxfzij@example.com,(950) 587-9072,"80 Oak Ave, Chicago, IL 25502-7306"
KREMPHTWKP,kremphtwkp@example.com,(453) 391-5782,"1069 Elm St, Los Angeles, CA 11279-2863"
UGQICKBBGT,ugqickbbgt@example.com,(622) 699-8563,"7806 Elm St, New York, CA 13375-4691"
DYGMNHSLSM,dygmnhslsm@example.com,(441) 562-2507,"5613 Elm St, Chicago, CA 21244-9239"
ISLLMSVHIL,isllmsvhil@example.com,(802) 925-2015,"3654 Main St, Chicago, NY 61765-3525"
BSSZHOZLVK,bsszhozlvk@example.com,(655) 557-1673,"2215 Elm St, New York, CA 86973-2598"
ZPUHTNPVXN,zpuhtnpvxn@example.com,(351) 549-1158,"8529 Elm St, Los Angeles, CA 81328-9712"
BNAZQAUVZC,bnazqauvzc@example.com,(835) 849-3826,"6444 Oak Ave, Los Angeles, CA 65655-3590"
ZWJOCMZDOS,zwjocmzdos@example.com,(893) 403-8323,"8001 Main St, New York, IL 12022-6400"
MRXQKYPKDZ,mrxqkypkdz@example.com,(546) 877-1093,"3305 Oak Ave, New York, NY 40207-5734"
JSOHYOTFOY,jsohyotfoy@example.com,(628) 488-6317,"5530 Oak Ave, Chicago, CA 60987-6680"
RMZSKPITOQ,rmzskpitoq@example.com,(475) 888-1744,"2215 Main St, Chicago, NY 18248-8956"
OLCRIFDFUJ,olcrifdfuj@example.com,(710) 267-6782,"5371 Main St, Chicago, NY 38585-9548"
TALJHNYKMW,taljhnykmw@example.com,(165) 980-7421,"8351 Main St, Los Angeles, IL 44293-7236"
VCAWSLBBNS,vcawslbbns@example.com,(434) 230-8210,"212 Main St, Los Angeles, IL 16516-6712"
SENZVUNVES,senzvunves@example.com,(836) 752-4392,"9897 Oak Ave, Chicago, CA 18070-6590"
IZMPAUGZQI,izmpaugzqi@example.com,(997) 763-5203,"9160 Oak Ave, New York, NY 74928-8712"
EEPALKXWQU,eepalkxwqu@example.com,(357) 407-5176,"1988 Elm St, Chicago, CA 98786-3341"
WPFCZLICUE,wpfczlicue@example.com,(694) 253-8855,"5394 Oak Ave, New York, IL 82497-8821"
PUGHQJOXQH,pughqjoxqh@example.com,(275) 583-9518,"1447 Main St, Los Angeles, CA 83540-6830"
CCWYHQGZZS,ccwyhqgzzs@example.com,(392) 860-8136,
VQEAMYSXOU,vqeamysxou@example.com,(354) 346-3517,"6484 Main St, Los Angeles, NY 71115-8322"
VYOLFXYQUK,vyolfxyquk@example.com,(543) 868-4824,"1543 Elm St, Chicago, IL 97102-4774"
FBKDDCDYVU,fbkddcdyvu@example.com,(412) 702-1309,"2609 Elm St, Los Angeles, NY 22950-1340"
HYQFDCAPDP,hyqfdcapdp@example.com,(721) 228-7652,"6032 Oak Ave, Chicago, CA 35447-1520"
IFGSOFBGPM,ifgsofbgpm@example.com,(912) 244-8537,"2549 Elm St, Los Angeles, NY 38889-1861"
DRNYZJXTRC,drnyzjxtrc@example.com,(301) 281-3734,"61 Oak Ave, New York, IL 80739-5517"
IYJPKMEANW,iyjpkmeanw@example.com,(244) 575-2854,"6369 Main St, Los Angeles, IL 88011-7690"
WAOAWPHYBI,waoawphybi@example.com,(701) 631-5538,"6375 Oak Ave, Chicago, NY 78613-6392"
TQNSFCNIAK,tqnsfcniak@example.com,(920) 206-1139,"6933 Main St, New York, IL 31384-8961"
MZYJRJAFTR,mzyjrjaftr@example.com,(396) 548-1424,"8329 Elm St, Chicago, IL 80483-9594"
BQNYBEYJYD,bqnybeyjyd@example.com,(201) 245-5381,"8634 Main St, Los Angeles, CA 87275-1407"
FEOQHLZWMC,feoqhlzwmc@example.com,(249) 908-2435,"8419 Elm St, New York, IL 69818-6239"
DFQRYOEFEG,dfqryoefeg@example.com,(198) 729-1647,"8164 Elm St, Los Angeles, NY 45186-6957"
DKQGJZZAWS,dkqgjzzaws@example.com,(375) 301-1425,"7395 Main St, Los Angeles, NY 77711-4895"
SUECSQNVAQ,suecsqnvaq@example.com,(210) 602-2751,"8035 Oak Ave, Los Angeles, IL 79030-7640"
HEHOVFFJUA,hehovffjua@example.com,(409) 479-4129,"9503 Main St, Chicago, IL 96767-1831"
YWSIPGRPAH,ywsipgrpah@example.com,(803) 943-4906,"8095 Oak Ave, New York, NY 15278-6090"
OSPVMYRULG,ospvmyrulg@example.com,(969) 371-1424,"7843 Elm St, Chicago, IL 35454-6776"
THNWQOXYRT,thnwqoxyrt@example.com,(298) 623-9752,"312 Elm St, Los Angeles, NY 76743-8627"
WEPWBGADHN,wepwbgadhn@example.com,(235) 616-7674,"9322 Oak Ave, New York, NY 36965-4143"
BKSREIXCTC,bksreixctc@example.com,(320) 886-1401,"4294 Elm St, Los Angeles, IL 88629-1907"
WEIVUHQIKW,weivuhqikw@example.com,(329) 537-1403,"4111 Main St, Chicago, NY 36586-9549"
RPUCFWGZID,rpucfwgzid@example.com,(403) 805-9685,"4039 Oak Ave, Chicago, NY 75655-4909"
BIZIYSIYEH,biziysiyeh@example.com,(105) 841-5965,"5068 Oak Ave, Chicago, IL 23963-2381"
DNOKPJMKPL,dnokpjmkpl@example.com,(918) 679-5167,"9382 Main St, Los Angeles, CA 62449-3926"
FHKUEHKIEJ,fhkuehkiej@example.com,,"713 Elm St, Los Angeles, IL 31647-7311"
DMPQXYUXOD,dmpqxyuxod@example.com,(840) 307-4300,"4037 Main St, Los Angeles, NY 22163-1246"
TYQBQTEBPL,tyqbqtebpl@example.com,(429) 143-1483,"9448 Main St, Chicago, NY 33953-9368"
IOHNTUFGIT,iohntufgit@example.com,(471) 637-7068,"9675 Main St, New York, NY 86509-8079"
VJCNGXRKIV,vjcngxrkiv@example.com,(168) 128-1422,"6931 Main St, Chicago, NY 41443-3042"
XPBMFWXQFP,xpbmfwxqfp@example.com,(178) 651-7902,"4782 Elm St, New York, CA 37172-1513"
EZRUKQAGSM,ezrukqagsm@example.com,(982) 520-6893,"921 Main St, Chicago, NY 77114-7880"
MENDHLFSIN,mendhlfsin@example.com,(872) 121-8673,"3119 Main St, Los Angeles, CA 26939-8717"
VMYFTQMSYT,vmyftqmsyt@example.com,(915) 858-6016,"264 Main St, Chicago, CA 90215-6186"
DDOVIFKZIV,ddovifkziv@example.com,(819) 205-7757,"9780 Oak Ave, Los Angeles, CA 78552-5391"
PSPXBOGLGM,pspxboglgm@example.com,(109) 964-8949,"6805 Main St, Chicago, CA 23916-7417"
HAQBCSAEEP,haqbcsaeep@example.com,(590) 752-4678,"3411 Oak Ave, New York, NY 77875-5697"
ZWVZHFVJDQ,zwvzhfvjdq@example.com,(122) 158-4047,"7408 Main St, New York, CA 56068-4552"
TWFLMAPEDL,twflmapedl@example.com,(374) 416-1015,"4772 Main St, New York, NY 87359-2923"
XCDFNDEOWT,xcdfndeowt@example.com,(448) 409-2591,"81 Oak Ave, Los Angeles, IL 52110-5344"
VWXCTIBMLR,vwxctibmlr@example.com,(837) 959-3559,"9380 Main St, Los Angeles, CA 31816-5501"
OXSHOZHACN,oxshozhacn@example.com,(816) 335-3621,"560 Oak Ave, Los Angeles, IL 92653-8023"
QAFTZSJFAO,qaftzsjfao@example.com,(276) 640-5840,"8189 Main St, New York, NY 63426-9964"
VBCUXATEYX,vbcuxateyx@example.com,(782) 862-5190,"164 Oak Ave, Los Angeles, IL 60670-5590"
AECUWBUEJJ,aecuwbuejj@example.com,(690) 548-2277,"121 Main St, New York, CA 46801-1979"
YQPBTGTYWM,yqpbtgtywm@example.com,(526) 451-2772,"1657 Oak Ave, Los Angeles, NY 26524-4792"
ETTNIOQPDR,ettnioqpdr@example.com,(945) 713-3880,"9649 Oak Ave, Los Angeles, NY 93166-3574"
EUARPAOQAM,euarpaoqam@example.com,(153) 738-7638,"2606 Main St, New York, IL 99362-2966"
LXFOXOIHPV,lxfoxoihpv@example.com,(595) 501-2140,"2222 Elm St, New York, NY 31140-9400"
QPESINZTXM,qpesinztxm@example.com,(655) 981-9818,"3229 Elm St, New York, NY 55805-6879"
EFKHUYHDEK,efkhuyhdek@example.com,(466) 764-4565,"3494 Elm St, Chicago, NY 26596-4141"
SDNMZRWWMA,sdnmzrwwma@example.com,(801) 788-4597,"3063 Main St, New York, IL 32820-9236"
FHTJTJMPWU,fhtjtjmpwu@example.com,(438) 686-7358,"3214 Elm St, Los Angeles, NY 16682-5687"
LNGCFMEWEK,lngcfmewek@example.com,(146) 281-9564,
BTHQIOJJKL,bthqiojjkl@example.com,(336) 833-7342,"6087 Main St, Los Angeles, NY 99444-3106"
VMNDVQWOAO,vmndvqwoao@example.com,(240) 559-3864,"9406 Elm St, New York, CA 60646-1270"
GISSHLXFNG,gisshlxfng@example.com,(314) 970-5325,"9553 Elm St, New York, IL 69263-8308"
FCQVYPGGPB,fcqvypggpb@example.com,(319) 136-3839,"4550 Oak Ave, New York, NY 59559-8126"
